"Hverfi";"Ár";"Fjöldi í úrtaki";"Meðalflatarmál";"Meðalkaupverð (þús. kr.)";"Meðalstaðgreiðsluverð (þús. kr.)";"Meðalkaup.verð pr.ferm (kr./m²)";"Meðalstaðgr.verð pr. ferm (kr./m²)"
"Innan Hringbrautar og Snorrabrautar, Reykjavík";1990;188;82;4806;4281;60316;53598
"Innan Hringbrautar og Snorrabrautar, Reykjavík";1991;190;82;5348;4627;68976;59610
"Innan Hringbrautar og Snorrabrautar, Reykjavík";1992;295;80;5784;5192;75742;67907
"Innan Hringbrautar og Snorrabrautar, Reykjavík";1993;312;79;5672;5157;75319;68339
"Innan Hringbrautar og Snorrabrautar, Reykjavík";1994;384;83;6032;5751;76209;72610
"Innan Hringbrautar og Snorrabrautar, Reykjavík";1995;384;82;5918;5499;75074;69878
"Innan Hringbrautar og Snorrabrautar, Reykjavík";1996;499;80;5832;5450;76719;71728
"Innan Hringbrautar og Snorrabrautar, Reykjavík";1997;553;85;6473;6105;79021;74538
"Innan Hringbrautar og Snorrabrautar, Reykjavík";1998;532;84;6732;6575;82986;81089
"Innan Hringbrautar og Snorrabrautar, Reykjavík";1999;700;85;7814;7790;96319;96126
"Innan Hringbrautar og Snorrabrautar, Reykjavík";2000;599;83;9218;8768;116038;110234
"Innan Hringbrautar og Snorrabrautar, Reykjavík";2001;515;82;9935;9279;124160;115929
"Innan Hringbrautar og Snorrabrautar, Reykjavík";2002;585;84;10889;10212;134949;126419
"Innan Hringbrautar og Snorrabrautar, Reykjavík";2003;673;86;12054;11863;144400;142374
"Innan Hringbrautar og Snorrabrautar, Reykjavík";2004;715;83;13271;13201;163883;163234
"Innan Hringbrautar og Snorrabrautar, Reykjavík";2005;673;83;17837;17725;219187;217952
"Innan Hringbrautar og Snorrabrautar, Reykjavík";2006;473;81;20872;20523;255922;252077
"Innan Hringbrautar og Snorrabrautar, Reykjavík";2007;623;81;23810;23288;294301;288424
"Innan Hringbrautar og Snorrabrautar, Reykjavík";2008;218;81;25129;24380;310503;302248
"Innan Hringbrautar og Snorrabrautar, Reykjavík";2009;119;87;24192;23403;279095;270012
"Innan Hringbrautar og Snorrabrautar, Reykjavík";2010;169;86;22255;21853;261996;256785
"Innan Hringbrautar og Snorrabrautar, Reykjavík";2011;279;89;23174;22811;266639;262253
"Innan Hringbrautar og Snorrabrautar, Reykjavík";2012;398;89;27777;27308;310204;304861
"Innan Hringbrautar og Snorrabrautar, Reykjavík";2013;397;86;29743;29327;340347;335663
"Innan Hringbrautar og Snorrabrautar, Reykjavík";2014;417;88;34121;33574;384109;378999
"Innan Hringbrautar og Snorrabrautar, Reykjavík";2015;495;89;37986;37520;428883;424535
"Innan Hringbrautar og Snorrabrautar, Reykjavík";2016;393;87;40438;40154;472541;470033
"Innan Hringbrautar og Snorrabrautar, Reykjavík";2017;396;86;45332;44973;534747;531377
"Innan Hringbrautar og Snorrabrautar, Reykjavík";2018;428;83;44688;44332;552229;548879
"Innan Hringbrautar og Snorrabrautar, Reykjavík";2019;433;86;48459;48031;575255;571692
"Innan Hringbrautar og Snorrabrautar, Reykjavík";2020;566;86;50626;50210;605641;601434
"Melar og Hagar, Reykjavík";1990;90;92;6142;5539;68581;61580
"Melar og Hagar, Reykjavík";1991;80;96;7146;6192;76317;65958
"Melar og Hagar, Reykjavík";1992;100;92;7024;6377;78504;71292
"Melar og Hagar, Reykjavík";1993;85;99;7459;6763;79531;71896
"Melar og Hagar, Reykjavík";1994;132;97;7257;6894;77465;73808
"Melar og Hagar, Reykjavík";1995;115;97;7326;6817;76669;71413
"Melar og Hagar, Reykjavík";1996;150;92;7130;6677;79950;74906
"Melar og Hagar, Reykjavík";1997;136;91;7263;6820;82317;77237
"Melar og Hagar, Reykjavík";1998;134;95;7782;7588;84749;82683
"Melar og Hagar, Reykjavík";1999;152;95;8932;8876;96645;96114
"Melar og Hagar, Reykjavík";2000;126;92;10508;9949;116850;110528
"Melar og Hagar, Reykjavík";2001;147;95;11835;11060;128092;119464
"Melar og Hagar, Reykjavík";2002;145;97;12538;11714;131528;122575
"Melar og Hagar, Reykjavík";2003;137;96;13197;12955;140494;138057
"Melar og Hagar, Reykjavík";2004;172;97;15229;15126;160934;160068
"Melar og Hagar, Reykjavík";2005;157;93;19023;18909;209270;208241
"Melar og Hagar, Reykjavík";2006;124;99;23436;23071;239457;235873
"Melar og Hagar, Reykjavík";2007;119;94;25739;25197;275600;270349
"Melar og Hagar, Reykjavík";2008;65;97;28005;27054;289602;280519
"Melar og Hagar, Reykjavík";2009;34;104;28131;27050;274507;264507
"Melar og Hagar, Reykjavík";2010;51;101;24067;23537;242590;236677
"Melar og Hagar, Reykjavík";2011;94;98;25949;25572;269242;265159
"Melar og Hagar, Reykjavík";2012;99;103;29078;28783;283757;280623
"Melar og Hagar, Reykjavík";2013;109;108;33160;32738;314822;310775
"Melar og Hagar, Reykjavík";2014;92;101;34289;33909;351033;347618
"Melar og Hagar, Reykjavík";2015;107;99;35848;35583;382777;380566
"Melar og Hagar, Reykjavík";2016;108;109;45214;44806;428447;424869
"Melar og Hagar, Reykjavík";2017;109;104;50167;49893;492866;490442
"Melar og Hagar, Reykjavík";2018;115;100;50274;49919;508767;505900
"Melar og Hagar, Reykjavík";2019;92;104;52621;52354;513583;511459
"Melar og Hagar, Reykjavík";2020;116;102;55037;54724;545289;542438
"Grandar, Reykjavík";1990;66;80;6103;5312;78973;68319
"Grandar, Reykjavík";1991;68;84;6752;5821;83634;72183
"Grandar, Reykjavík";1992;61;77;6745;5995;92207;81756
"Grandar, Reykjavík";1993;42;77;6599;6008;89523;81132
"Grandar, Reykjavík";1994;63;101;7424;6969;88106;82930
"Grandar, Reykjavík";1995;82;83;6944;6341;87267;79999
"Grandar, Reykjavík";1996;80;79;6532;6038;85616;79218
"Grandar, Reykjavík";1997;80;84;7058;6591;87316;81507
"Grandar, Reykjavík";1998;107;82;7003;6787;89617;86836
"Grandar, Reykjavík";1999;93;84;8171;8120;101177;100560
"Grandar, Reykjavík";2000;95;92;10084;9555;115124;109198
"Grandar, Reykjavík";2001;83;90;11031;10282;128169;119401
"Grandar, Reykjavík";2002;92;89;11059;10279;129275;120146
"Grandar, Reykjavík";2003;104;89;11911;11709;139838;137490
"Grandar, Reykjavík";2004;117;93;13301;13227;150684;149940
"Grandar, Reykjavík";2005;93;90;17318;17232;200207;199418
"Grandar, Reykjavík";2006;80;87;18704;18454;223128;220433
"Grandar, Reykjavík";2007;113;94;22846;22410;249872;245316
"Grandar, Reykjavík";2008;33;89;22318;21622;263331;255284
"Grandar, Reykjavík";2009;19;81;19421;18635;251311;241278
"Grandar, Reykjavík";2010;37;93;19746;19331;223064;219037
"Grandar, Reykjavík";2011;61;85;20697;20201;253427;247620
"Grandar, Reykjavík";2012;69;92;23305;22879;262321;257831
"Grandar, Reykjavík";2013;77;89;25121;24732;294789;290261
"Grandar, Reykjavík";2014;59;90;28654;28247;330475;326004
"Grandar, Reykjavík";2015;67;89;30539;30277;359190;356450
"Grandar, Reykjavík";2016;81;88;34149;33988;413811;412042
"Grandar, Reykjavík";2017;66;91;39551;39388;452484;450707
"Grandar, Reykjavík";2018;69;90;41537;41211;479739;476538
"Grandar, Reykjavík";2019;70;90;42947;42709;501108;498410
"Grandar, Reykjavík";2020;87;91;43055;42762;489390;486435
"Hlíðar, Reykjavík";1994;82;102;7409;7040;75750;72189
"Hlíðar, Reykjavík";1995;68;98;7243;6718;75732;70170
"Hlíðar, Reykjavík";1996;149;100;7186;6680;74428;69119
"Hlíðar, Reykjavík";1997;136;97;7187;6780;76638;72426
"Hlíðar, Reykjavík";1998;170;94;7209;7011;81260;79070
"Hlíðar, Reykjavík";1999;188;94;8432;8388;92932;92543
"Hlíðar, Reykjavík";2000;137;95;10388;9790;111346;104732
"Hlíðar, Reykjavík";2001;142;90;10745;9965;124474;115499
"Hlíðar, Reykjavík";2002;144;97;11799;10974;125686;116808
"Hlíðar, Reykjavík";2003;150;110;14125;13894;139481;137362
"Hlíðar, Reykjavík";2004;210;99;15303;15197;157929;157084
"Hlíðar, Reykjavík";2005;163;94;18963;18827;206009;204735
"Hlíðar, Reykjavík";2006;145;95;20632;20263;222197;218542
"Hlíðar, Reykjavík";2007;154;99;24585;24090;255665;250737
"Hlíðar, Reykjavík";2008;63;94;24925;24124;273102;264286
"Hlíðar, Reykjavík";2009;36;106;25306;24208;241825;231545
"Hlíðar, Reykjavík";2010;64;101;22230;21634;229137;222736
"Hlíðar, Reykjavík";2011;97;96;22468;21953;241826;236408
"Hlíðar, Reykjavík";2012;110;101;25592;25256;262993;259261
"Hlíðar, Reykjavík";2013;116;98;27918;27437;291656;287013
"Hlíðar, Reykjavík";2014;123;102;30891;30548;315868;312436
"Hlíðar, Reykjavík";2015;132;103;34957;34726;347816;345804
"Hlíðar, Reykjavík";2016;138;97;37591;37392;400615;398511
"Hlíðar, Reykjavík";2017;132;97;43262;43121;463793;462348
"Hlíðar, Reykjavík";2018;114;97;44490;44248;474804;472406
"Hlíðar, Reykjavík";2019;102;102;47313;47078;482336;480083
"Hlíðar, Reykjavík";2020;153;100;49578;49421;512836;511297
"Háaleitisbraut, Reykjavík";1994;16;102;7137;6695;71207;66878
"Háaleitisbraut, Reykjavík";1995;48;105;7114;6632;71106;66538
"Háaleitisbraut, Reykjavík";1996;41;107;7174;6625;68872;63762
"Háaleitisbraut, Reykjavík";1997;44;99;6858;6347;71550;66313
"Háaleitisbraut, Reykjavík";1998;41;97;7168;6945;76494;74143
"Háaleitisbraut, Reykjavík";1999;51;102;8645;8606;88404;87983
"Háaleitisbraut, Reykjavík";2000;30;96;10130;9537;107656;101380
"Háaleitisbraut, Reykjavík";2001;38;109;11509;10656;108050;100060
"Háaleitisbraut, Reykjavík";2002;40;98;11114;10358;117423;109812
"Háaleitisbraut, Reykjavík";2003;39;109;12273;12058;117605;115687
"Háaleitisbraut, Reykjavík";2004;47;102;13677;13613;139014;138506
"Háaleitisbraut, Reykjavík";2005;36;102;17608;17509;177895;176991
"Háaleitisbraut, Reykjavík";2006;31;101;19456;19253;199320;197220
"Háaleitisbraut, Reykjavík";2007;43;110;22834;22435;214754;211331
"Háaleitisbraut, Reykjavík";2008;15;95;21703;21122;240137;233373
"Háaleitisbraut, Reykjavík";2009;5;120;23380;22614;204771;195338
"Háaleitisbraut, Reykjavík";2010;15;113;21753;21170;193887;189369
"Háaleitisbraut, Reykjavík";2011;22;106;20918;20819;205683;204822
"Háaleitisbraut, Reykjavík";2012;12;98;22402;22137;238926;235473
"Háaleitisbraut, Reykjavík";2013;33;106;25054;24668;246496;242823
"Háaleitisbraut, Reykjavík";2014;29;105;27850;27657;274462;272666
"Háaleitisbraut, Reykjavík";2015;29;107;30227;30070;289693;288128
"Háaleitisbraut, Reykjavík";2016;38;112;33911;33690;319606;317635
"Háaleitisbraut, Reykjavík";2017;30;111;41057;40962;392031;391252
"Háaleitisbraut, Reykjavík";2018;27;110;43002;42836;405419;403949
"Háaleitisbraut, Reykjavík";2019;29;102;41486;41378;432058;431145
"Háaleitisbraut, Reykjavík";2020;39;109;44354;44062;421822;419379
"Lönd, Reykjavík";1990;34;89;6666;6066;77425;70238
"Lönd, Reykjavík";1991;45;83;6986;6192;86807;76730
"Lönd, Reykjavík";1992;31;89;7876;7066;90683;81330
"Lönd, Reykjavík";1993;31;84;7366;6690;90082;81483
"Lönd, Reykjavík";1994;48;97;7886;7431;86787;81859
"Lönd, Reykjavík";1995;40;86;7062;6556;84544;78748
"Lönd, Reykjavík";1996;37;91;7588;7055;86153;80259
"Lönd, Reykjavík";1997;38;87;7500;7043;89419;84173
"Lönd, Reykjavík";1998;71;83;7171;6963;90063;87625
"Lönd, Reykjavík";1999;53;79;8161;8143;105606;105492
"Lönd, Reykjavík";2000;62;80;10036;9542;128640;122286
"Lönd, Reykjavík";2001;47;94;11921;11129;130980;122359
"Lönd, Reykjavík";2002;37;78;10762;10091;140472;131755
"Lönd, Reykjavík";2003;51;91;12883;12660;148456;146234
"Lönd, Reykjavík";2004;70;84;13901;13815;170959;170043
"Lönd, Reykjavík";2005;41;86;18554;18340;218264;216509
"Lönd, Reykjavík";2006;51;93;22587;22308;245342;243043
"Lönd, Reykjavík";2007;60;87;23634;23368;277228;274431
"Lönd, Reykjavík";2008;19;74;21342;21015;295114;290815
"Lönd, Reykjavík";2009;13;82;19223;18714;238077;230089
"Lönd, Reykjavík";2010;29;89;20857;20419;237853;233567
"Lönd, Reykjavík";2011;43;96;24020;23633;259422;255054
"Lönd, Reykjavík";2012;35;92;23917;23599;263293;259597
"Lönd, Reykjavík";2013;37;95;27591;27423;296947;294770
"Lönd, Reykjavík";2014;51;97;30968;30712;331514;328772
"Lönd, Reykjavík";2015;53;87;31538;31296;384373;381697
"Lönd, Reykjavík";2016;43;87;34997;34834;418371;416726
"Lönd, Reykjavík";2017;41;97;43830;43423;486516;482738
"Lönd, Reykjavík";2018;51;89;43245;43051;510229;507921
"Lönd, Reykjavík";2019;52;91;45529;45264;521645;518908
"Lönd, Reykjavík";2020;56;89;48385;48043;558298;555391
"Teigar og Tún, Reykjavík";1990;35;100;6147;5488;63664;56752
"Teigar og Tún, Reykjavík";1991;31;110;7463;6534;69339;60290
"Teigar og Tún, Reykjavík";1992;26;87;6544;5821;78835;69816
"Teigar og Tún, Reykjavík";1993;28;88;6372;5880;73222;67582
"Teigar og Tún, Reykjavík";1994;55;89;6332;6040;74420;71118
"Teigar og Tún, Reykjavík";1995;72;96;6856;6382;75538;70468
"Teigar og Tún, Reykjavík";1996;86;99;7528;7016;79601;73973
"Teigar og Tún, Reykjavík";1997;92;93;6958;6507;80583;75150
"Teigar og Tún, Reykjavík";1998;105;87;6824;6701;81062;79696
"Teigar og Tún, Reykjavík";1999;125;103;9721;9513;97371;95838
"Teigar og Tún, Reykjavík";2000;161;99;10990;10363;113322;106746
"Teigar og Tún, Reykjavík";2001;92;99;11736;10921;121829;113347
"Teigar og Tún, Reykjavík";2002;168;106;13964;13175;134829;127028
"Teigar og Tún, Reykjavík";2003;109;108;15182;14935;142539;140340
"Teigar og Tún, Reykjavík";2004;128;92;13970;13831;154886;153557
"Teigar og Tún, Reykjavík";2005;136;93;19438;19134;208907;206346
"Teigar og Tún, Reykjavík";2006;112;98;24046;23397;243647;238301
"Teigar og Tún, Reykjavík";2007;135;98;27063;26403;279705;273363
"Teigar og Tún, Reykjavík";2008;45;99;27268;26589;279477;272055
"Teigar og Tún, Reykjavík";2009;21;79;19658;18926;250900;241874
"Teigar og Tún, Reykjavík";2010;33;90;21578;21042;244570;238706
"Teigar og Tún, Reykjavík";2011;96;98;26561;25979;266520;260350
"Teigar og Tún, Reykjavík";2012;93;98;26124;25678;265947;261738
"Teigar og Tún, Reykjavík";2013;99;99;27562;27139;289255;284948
"Teigar og Tún, Reykjavík";2014;120;91;28599;28236;318897;315123
"Teigar og Tún, Reykjavík";2015;141;103;37074;36743;360909;358017
"Teigar og Tún, Reykjavík";2016;125;97;40501;40155;425591;421932
"Teigar og Tún, Reykjavík";2017;127;99;48234;47754;499533;495112
"Teigar og Tún, Reykjavík";2018;138;99;48547;48068;510304;505776
"Teigar og Tún, Reykjavík";2019;146;101;51397;50923;519619;515615
"Teigar og Tún, Reykjavík";2020;132;98;51960;51406;542703;536730
"Vogar, Reykjavík";1990;43;89;5475;4844;64483;56258
"Vogar, Reykjavík";1991;30;93;6628;5726;72328;62343
"Vogar, Reykjavík";1992;24;87;6688;5936;79008;69836
"Vogar, Reykjavík";1993;24;85;6390;5841;77037;70451
"Vogar, Reykjavík";1994;53;90;6511;6184;75805;71878
"Vogar, Reykjavík";1995;40;88;6501;6031;77401;71800
"Vogar, Reykjavík";1996;56;97;7038;6562;75404;70246
"Vogar, Reykjavík";1997;47;90;6784;6382;77346;72775
"Vogar, Reykjavík";1998;51;96;7420;7166;81374;78502
"Vogar, Reykjavík";1999;77;88;8015;7976;93213;92727
"Vogar, Reykjavík";2000;50;94;9868;9245;111067;103748
"Vogar, Reykjavík";2001;61;91;10242;9496;118236;109113
"Vogar, Reykjavík";2002;53;88;10790;10026;127039;117995
"Vogar, Reykjavík";2003;63;102;12487;12324;130142;128614
"Vogar, Reykjavík";2004;64;88;12672;12580;149703;148922
"Vogar, Reykjavík";2005;67;87;16540;16416;194063;192993
"Vogar, Reykjavík";2006;50;97;20550;20306;215607;213233
"Vogar, Reykjavík";2007;57;87;20888;20502;247581;243004
"Vogar, Reykjavík";2008;31;97;24963;24393;263559;257772
"Vogar, Reykjavík";2009;8;88;20731;19092;240717;221012
"Vogar, Reykjavík";2010;16;102;20643;20287;207932;204710
"Vogar, Reykjavík";2011;26;97;21823;21254;227353;222478
"Vogar, Reykjavík";2012;42;93;22590;21994;252194;245355
"Vogar, Reykjavík";2013;37;98;25309;24688;265988;259397
"Vogar, Reykjavík";2014;37;89;26865;26591;309240;305705
"Vogar, Reykjavík";2015;55;101;30780;30406;322561;318114
"Vogar, Reykjavík";2016;49;90;32117;32032;370580;369631
"Vogar, Reykjavík";2017;43;89;39770;39615;467247;465662
"Vogar, Reykjavík";2018;46;89;40599;40383;471952;469524
"Vogar, Reykjavík";2019;74;96;45845;45644;495625;493362
"Vogar, Reykjavík";2020;123;99;51648;51017;536795;530876
"Heimar, Reykjavík";1990;36;105;6304;5710;62353;56065
"Heimar, Reykjavík";1991;69;101;7033;6141;71134;61873
"Heimar, Reykjavík";1992;49;95;6921;6195;75784;67880
"Heimar, Reykjavík";1993;42;98;7099;6530;74448;68366
"Heimar, Reykjavík";1994;58;94;6973;6628;76632;73023
"Heimar, Reykjavík";1995;61;101;7277;6757;74757;69761
"Heimar, Reykjavík";1996;89;99;7180;6672;74517;69345
"Heimar, Reykjavík";1997;76;99;7285;6839;75335;70792
"Heimar, Reykjavík";1998;109;97;7312;7145;77989;76311
"Heimar, Reykjavík";1999;98;95;8171;8125;89184;88713
"Heimar, Reykjavík";2000;80;94;9767;9194;106205;99881
"Heimar, Reykjavík";2001;81;99;11050;10219;116057;107392
"Heimar, Reykjavík";2002;82;103;11874;11024;119779;111194
"Heimar, Reykjavík";2003;85;104;13122;12928;129434;127630
"Heimar, Reykjavík";2004;86;103;14355;14287;143486;142876
"Heimar, Reykjavík";2005;80;98;18133;17991;189362;188011
"Heimar, Reykjavík";2006;58;91;18990;18752;214334;211721
"Heimar, Reykjavík";2007;93;105;24327;23896;235297;231259
"Heimar, Reykjavík";2008;26;88;21896;21317;254021;248550
"Heimar, Reykjavík";2009;15;102;24380;22666;245642;229666
"Heimar, Reykjavík";2010;34;101;20753;20216;208433;202806
"Heimar, Reykjavík";2011;62;100;21361;20907;218102;213016
"Heimar, Reykjavík";2012;48;101;23934;23705;240608;237954
"Heimar, Reykjavík";2013;75;105;26168;25748;255615;251473
"Heimar, Reykjavík";2014;72;107;29985;29615;290369;287313
"Heimar, Reykjavík";2015;94;98;30441;30097;322058;318024
"Heimar, Reykjavík";2016;66;104;35279;35146;355997;354656
"Heimar, Reykjavík";2017;81;105;41793;41459;412643;409331
"Heimar, Reykjavík";2018;69;101;42968;42744;441262;439173
"Heimar, Reykjavík";2019;68;100;44089;43685;452943;449215
"Heimar, Reykjavík";2020;113;104;47454;47274;473796;472245
"Hólar, Reykjavík";1994;83;82;6004;5613;76856;72246
"Hólar, Reykjavík";1995;135;83;5880;5418;73203;67594
"Hólar, Reykjavík";1996;122;84;5957;5490;73073;67311
"Hólar, Reykjavík";1997;130;86;5898;5490;72106;67063
"Hólar, Reykjavík";1998;183;83;5823;5685;73421;71714
"Hólar, Reykjavík";1999;236;90;6847;6832;79831;79684
"Hólar, Reykjavík";2000;145;89;8684;8146;101833;95654
"Hólar, Reykjavík";2001;134;89;9436;8724;110230;102147
"Hólar, Reykjavík";2002;138;93;10017;9253;111821;103424
"Hólar, Reykjavík";2003;168;90;10167;10014;118254;116529
"Hólar, Reykjavík";2004;180;92;11593;11532;132000;131284
"Hólar, Reykjavík";2005;145;88;14488;14431;169946;169349
"Hólar, Reykjavík";2006;112;87;15919;15776;190187;188547
"Hólar, Reykjavík";2007;157;88;18232;17931;214810;211539
"Hólar, Reykjavík";2008;36;90;19626;18934;227333;219559
"Hólar, Reykjavík";2009;26;96;19743;18994;207311;199276
"Hólar, Reykjavík";2010;29;92;17639;17179;196079;191697
"Hólar, Reykjavík";2011;64;91;16915;16376;193734;187583
"Hólar, Reykjavík";2012;81;92;17976;17524;203466;198512
"Hólar, Reykjavík";2013;94;100;19434;19031;209320;204575
"Hólar, Reykjavík";2014;93;93;21548;21214;241017;237422
"Hólar, Reykjavík";2015;98;89;23409;23103;273515;269765
"Hólar, Reykjavík";2016;109;89;26892;26729;320867;319171
"Hólar, Reykjavík";2017;96;90;32009;31877;379599;378060
"Hólar, Reykjavík";2018;106;97;34555;34418;374897;373336
"Hólar, Reykjavík";2019;98;98;35766;35675;388411;387527
"Hólar, Reykjavík";2020;115;95;37214;37190;413226;413264
"Sel, Reykjavík";1990;109;105;6095;5413;60168;53226
"Sel, Reykjavík";1991;95;111;6783;5824;63294;54315
"Sel, Reykjavík";1992;57;107;7043;6189;68697;60255
"Sel, Reykjavík";1993;72;113;7096;6410;64957;58586
"Sel, Reykjavík";1994;90;111;7031;6609;67315;63378
"Sel, Reykjavík";1995;86;118;6802;6193;65305;59483
"Sel, Reykjavík";1996;82;115;6998;6475;63178;58443
"Sel, Reykjavík";1997;106;110;6657;6234;63149;59182
"Sel, Reykjavík";1998;127;115;7093;6892;64701;62934
"Sel, Reykjavík";1999;196;115;7775;7727;71162;70763
"Sel, Reykjavík";2000;109;109;9626;9033;92797;87112
"Sel, Reykjavík";2001;121;114;10891;10109;100179;92825
"Sel, Reykjavík";2002;136;110;11188;10320;106912;98685
"Sel, Reykjavík";2003;145;104;11482;11286;115057;113056
"Sel, Reykjavík";2004;193;111;13484;13386;126495;125769
"Sel, Reykjavík";2005;183;110;17802;17657;165655;164495
"Sel, Reykjavík";2006;124;105;18308;18081;181088;179060
"Sel, Reykjavík";2007;133;108;20848;20336;200080;194826
"Sel, Reykjavík";2008;47;103;21135;20214;211321;202664
"Sel, Reykjavík";2009;23;121;22299;20905;193428;181876
"Sel, Reykjavík";2010;26;102;19413;18495;194538;185011
"Sel, Reykjavík";2011;42;111;19166;18704;181584;177182
"Sel, Reykjavík";2012;75;110;20334;19479;191783;184003
"Sel, Reykjavík";2013;88;110;22226;21782;211593;207530
"Sel, Reykjavík";2014;88;109;24461;24034;232417;228409
"Sel, Reykjavík";2015;95;103;25526;25297;261777;259246
"Sel, Reykjavík";2016;117;104;29843;29741;307805;306946
"Sel, Reykjavík";2017;100;103;35903;35718;364128;362446
"Sel, Reykjavík";2018;108;113;39440;39301;364770;363610
"Sel, Reykjavík";2019;117;109;40245;40028;386201;384347
"Sel, Reykjavík";2020;117;113;42131;41917;392875;390867
"Hraunbær, Reykjavík";1990;95;83;5304;4650;65672;57466
"Hraunbær, Reykjavík";1991;89;78;5655;4878;74213;64144
"Hraunbær, Reykjavík";1992;64;82;6173;5406;77119;67361
"Hraunbær, Reykjavík";1993;56;81;6317;5716;80133;72453
"Hraunbær, Reykjavík";1994;85;79;5974;5650;77462;73286
"Hraunbær, Reykjavík";1995;89;79;5978;5510;77512;71367
"Hraunbær, Reykjavík";1996;92;77;5897;5443;77861;72015
"Hraunbær, Reykjavík";1997;93;80;5797;5435;74553;70065
"Hraunbær, Reykjavík";1998;133;82;5960;5783;74527;72346
"Hraunbær, Reykjavík";1999;166;87;7596;7539;85808;85273
"Hraunbær, Reykjavík";2000;97;80;8595;8114;110162;104307
"Hraunbær, Reykjavík";2001;101;83;9411;8678;116068;106954
"Hraunbær, Reykjavík";2002;87;90;10247;9519;116893;108676
"Hraunbær, Reykjavík";2003;116;82;10363;10195;131000;128849
"Hraunbær, Reykjavík";2004;124;84;11713;11659;141742;141143
"Hraunbær, Reykjavík";2005;112;86;15149;15081;181152;180467
"Hraunbær, Reykjavík";2006;92;91;17260;17012;194852;191943
"Hraunbær, Reykjavík";2007;105;87;19216;18917;228985;225494
"Hraunbær, Reykjavík";2008;38;79;18546;17757;246780;237403
"Hraunbær, Reykjavík";2009;15;81;17634;17040;225588;218853
"Hraunbær, Reykjavík";2010;35;87;17317;16791;203123;196973
"Hraunbær, Reykjavík";2011;45;89;17898;17463;208048;203380
"Hraunbær, Reykjavík";2012;53;85;18355;17964;219607;214044
"Hraunbær, Reykjavík";2013;68;86;19851;19242;236814;229615
"Hraunbær, Reykjavík";2014;78;83;21876;21514;269704;265476
"Hraunbær, Reykjavík";2015;112;86;24084;23792;289752;286397
"Hraunbær, Reykjavík";2016;92;85;26246;26169;322954;321998
"Hraunbær, Reykjavík";2017;78;80;31351;31227;406364;404646
"Hraunbær, Reykjavík";2018;98;93;35290;35193;398348;397281
"Hraunbær, Reykjavík";2019;109;91;41179;40530;454692;448119
"Hraunbær, Reykjavík";2020;114;90;42084;41797;475077;471359
"Hús, Reykjavík";1991;4;101;7829;6328;80171;64008
"Hús, Reykjavík";1992;5;88;7310;6094;84718;69922
"Hús, Reykjavík";1993;12;87;7315;6452;88668;77973
"Hús, Reykjavík";1994;23;105;8042;7498;80579;75305
"Hús, Reykjavík";1995;17;107;7871;7149;80115;72685
"Hús, Reykjavík";1996;23;124;8458;7750;74273;67505
"Hús, Reykjavík";1997;30;95;7573;6932;85239;77436
"Hús, Reykjavík";1998;29;116;8545;8221;78449;74904
"Hús, Reykjavík";1999;48;114;9450;9348;86930;85967
"Hús, Reykjavík";2000;44;107;10883;10279;105303;99089
"Hús, Reykjavík";2001;28;91;10664;9782;121081;110687
"Hús, Reykjavík";2002;46;119;12891;11874;112906;103856
"Hús, Reykjavík";2003;43;102;12693;12407;128517;125633
"Hús, Reykjavík";2004;60;119;15208;15117;133653;132788
"Hús, Reykjavík";2005;51;103;18163;18063;183715;182846
"Hús, Reykjavík";2006;34;114;21843;21463;197021;194026
"Hús, Reykjavík";2007;47;109;23790;23127;223541;217495
"Hús, Reykjavík";2008;12;107;24100;23209;234290;226648
"Hús, Reykjavík";2009;15;110;25407;23492;244741;229039
"Hús, Reykjavík";2010;10;114;24030;22391;211545;197535
"Hús, Reykjavík";2011;26;108;22957;22339;215070;208306
"Hús, Reykjavík";2012;17;111;24100;23515;228452;222621
"Hús, Reykjavík";2013;35;127;27526;27281;225552;223382
"Hús, Reykjavík";2014;27;126;28672;28135;244712;239887
"Hús, Reykjavík";2015;27;94;27297;26845;305068;300856
"Hús, Reykjavík";2016;27;123;36515;36322;306567;305523
"Hús, Reykjavík";2017;27;120;40843;40651;366667;365127
"Hús, Reykjavík";2018;21;117;43850;43699;393132;392060
"Hús, Reykjavík";2019;35;114;44930;44759;411063;409850
"Hús, Reykjavík";2020;29;119;47644;47534;420351;419339
"Foldir, Reykjavík";1990;7;119;8386;7251;71926;61954
"Foldir, Reykjavík";1991;11;83;7499;6083;91931;74579
"Foldir, Reykjavík";1992;15;91;7758;6687;88103;75942
"Foldir, Reykjavík";1993;37;98;8259;7230;86672;75565
"Foldir, Reykjavík";1994;58;109;8314;7858;80260;75492
"Foldir, Reykjavík";1995;58;103;7914;7206;81097;73738
"Foldir, Reykjavík";1996;62;103;7944;7255;82159;74882
"Foldir, Reykjavík";1997;46;106;8295;7631;82247;75295
"Foldir, Reykjavík";1998;72;97;7890;7525;86288;82119
"Foldir, Reykjavík";1999;73;105;9131;8995;91565;90104
"Foldir, Reykjavík";2000;63;101;10939;10207;113815;106096
"Foldir, Reykjavík";2001;56;95;11129;10211;121326;111138
"Foldir, Reykjavík";2002;58;101;12088;11171;122370;112932
"Foldir, Reykjavík";2003;64;102;12715;12475;129633;127149
"Foldir, Reykjavík";2004;79;100;14417;14318;148180;147198
"Foldir, Reykjavík";2005;54;103;18669;18470;189814;188132
"Foldir, Reykjavík";2006;49;103;21210;20799;210426;206515
"Foldir, Reykjavík";2007;58;100;23464;22963;241500;236517
"Foldir, Reykjavík";2008;18;115;28961;27391;253451;239505
"Foldir, Reykjavík";2009;14;132;28450;27053;230966;216627
"Foldir, Reykjavík";2010;19;110;21961;21151;206094;199779
"Foldir, Reykjavík";2011;35;109;23590;22932;220672;214342
"Foldir, Reykjavík";2012;31;96;22125;21583;235093;229609
"Foldir, Reykjavík";2013;30;106;25503;24921;247726;242559
"Foldir, Reykjavík";2014;47;104;26967;26558;272109;268324
"Foldir, Reykjavík";2015;39;106;30182;29930;295643;293256
"Foldir, Reykjavík";2016;39;114;36012;35823;327304;325719
"Foldir, Reykjavík";2017;50;104;39459;39302;391619;390154
"Foldir, Reykjavík";2018;33;110;43179;42974;408064;406051
"Foldir, Reykjavík";2019;38;117;47021;46755;423403;421376
"Foldir, Reykjavík";2020;41;111;45195;44869;435415;432073
"Borgir, Reykjavík";1996;3;117;8533;7965;73383;68517
"Borgir, Reykjavík";1997;17;111;8502;7926;77299;72101
"Borgir, Reykjavík";1998;17;98;8056;7824;82436;80101
"Borgir, Reykjavík";1999;27;107;9310;9226;89105;88339
"Borgir, Reykjavík";2000;23;101;10834;10144;107813;100842
"Borgir, Reykjavík";2001;22;97;11395;10318;117814;106695
"Borgir, Reykjavík";2002;24;88;10724;9835;122435;112292
"Borgir, Reykjavík";2003;38;98;12508;12334;129674;128014
"Borgir, Reykjavík";2004;59;91;13374;13279;148215;147281
"Borgir, Reykjavík";2005;50;99;19240;19114;195185;193947
"Borgir, Reykjavík";2006;31;96;20518;20330;215387;213576
"Borgir, Reykjavík";2007;44;100;23157;22534;234996;228799
"Borgir, Reykjavík";2008;17;90;22813;22059;255630;246694
"Borgir, Reykjavík";2009;12;91;21121;19866;232398;218866
"Borgir, Reykjavík";2010;15;92;21072;20033;229826;218651
"Borgir, Reykjavík";2011;23;94;20959;19992;224008;214102
"Borgir, Reykjavík";2012;23;101;22985;22353;230964;223985
"Borgir, Reykjavík";2013;22;95;24261;23584;255982;249256
"Borgir, Reykjavík";2014;26;98;27358;27055;284334;281403
"Borgir, Reykjavík";2015;21;97;30529;30169;316925;313395
"Borgir, Reykjavík";2016;28;99;33068;32810;339593;337023
"Borgir, Reykjavík";2017;28;93;37732;37643;414771;413842
"Borgir, Reykjavík";2018;42;99;41542;41186;427809;424836
"Borgir, Reykjavík";2019;29;95;43074;42962;460799;459657
"Borgir, Reykjavík";2020;32;101;46977;46873;472345;471380
"Engi, Reykjavík";1993;4;114;7763;7279;67932;63697
"Engi, Reykjavík";1994;5;107;6900;6496;70946;67612
"Engi, Reykjavík";1995;30;94;7207;6681;78442;72822
"Engi, Reykjavík";1996;29;112;7971;7353;72924;67310
"Engi, Reykjavík";1997;58;92;7332;6815;81167;75463
"Engi, Reykjavík";1998;45;92;7434;7218;82728;80315
"Engi, Reykjavík";1999;51;100;8735;8708;88972;88669
"Engi, Reykjavík";2000;61;94;9784;9134;105536;98279
"Engi, Reykjavík";2001;71;95;10810;9997;115166;106428
"Engi, Reykjavík";2002;69;95;11120;10302;119643;110721
"Engi, Reykjavík";2003;79;95;11378;11210;122656;120823
"Engi, Reykjavík";2004;90;100;13832;13782;142620;142192
"Engi, Reykjavík";2005;94;98;17769;17625;183588;182255
"Engi, Reykjavík";2006;58;90;18248;17938;204698;201537
"Engi, Reykjavík";2007;77;99;22564;22075;231227;226047
"Engi, Reykjavík";2008;29;102;24169;23042;239447;228307
"Engi, Reykjavík";2009;8;114;24488;22926;217462;203568
"Engi, Reykjavík";2010;28;105;21431;20646;208636;200620
"Engi, Reykjavík";2011;45;100;21447;20639;218830;210646
"Engi, Reykjavík";2012;32;94;21163;20437;229580;222549
"Engi, Reykjavík";2013;54;101;23607;23080;237339;232089
"Engi, Reykjavík";2014;55;99;25695;25158;267121;261668
"Engi, Reykjavík";2015;55;102;28859;28578;289957;287218
"Engi, Reykjavík";2016;62;96;31505;31374;335602;334307
"Engi, Reykjavík";2017;53;95;37864;37654;406514;404358
"Engi, Reykjavík";2018;58;97;39942;39848;421637;420669
"Engi, Reykjavík";2019;60;101;41848;41674;425579;424095
"Engi, Reykjavík";2020;56;98;44471;44229;463038;460537
"Víkur, Reykjavík";1996;13;144;11262;10615;84294;78091
"Víkur, Reykjavík";1997;28;99;7617;7052;78009;72162
"Víkur, Reykjavík";1998;48;102;8174;7879;80949;78006
"Víkur, Reykjavík";1999;59;106;9261;9224;88429;88013
"Víkur, Reykjavík";2000;55;113;11636;10870;104654;97875
"Víkur, Reykjavík";2001;80;114;12684;11624;112939;103445
"Víkur, Reykjavík";2002;64;121;13786;12647;116891;107080
"Víkur, Reykjavík";2003;43;106;13866;13600;132596;130079
"Víkur, Reykjavík";2004;46;108;15649;15570;147435;146746
"Víkur, Reykjavík";2005;41;115;21912;21729;193747;192262
"Víkur, Reykjavík";2006;42;116;25020;24527;217638;213543
"Víkur, Reykjavík";2007;56;113;26204;25627;233219;228031
"Víkur, Reykjavík";2008;14;99;24443;23630;249390;240857
"Víkur, Reykjavík";2009;10;100;24180;22285;246017;226652
"Víkur, Reykjavík";2010;21;108;23751;22613;221871;211450
"Víkur, Reykjavík";2011;18;118;24564;23696;210976;203600
"Víkur, Reykjavík";2012;35;115;26040;25240;227745;220906
"Víkur, Reykjavík";2013;29;111;26485;25827;243068;236524
"Víkur, Reykjavík";2014;29;118;30466;30227;264657;262704
"Víkur, Reykjavík";2015;32;116;32133;31638;280972;276632
"Víkur, Reykjavík";2016;45;110;35016;34726;324332;322092
"Víkur, Reykjavík";2017;28;110;41554;41409;385065;383876
"Víkur, Reykjavík";2018;25;112;43994;43800;398722;397031
"Víkur, Reykjavík";2019;40;109;44999;44808;419648;417969
"Víkur, Reykjavík";2020;34;114;48496;48352;432846;431680
"Rimar, Reykjavík";1993;8;88;6948;6292;81436;73595
"Rimar, Reykjavík";1994;63;99;7258;6977;74451;71375
"Rimar, Reykjavík";1995;76;101;7375;6819;75072;69469
"Rimar, Reykjavík";1996;70;100;7271;6750;75484;70077
"Rimar, Reykjavík";1997;65;97;7150;6719;76697;71948
"Rimar, Reykjavík";1998;105;96;7254;7133;78319;77007
"Rimar, Reykjavík";1999;169;100;8508;8482;87070;86817
"Rimar, Reykjavík";2000;104;102;10014;9458;101216;95618
"Rimar, Reykjavík";2001;107;100;10891;10115;111601;103635
"Rimar, Reykjavík";2002;119;101;11536;10691;117036;108332
"Rimar, Reykjavík";2003;164;94;11678;11512;126979;125143
"Rimar, Reykjavík";2004;160;95;13282;13236;142800;142332
"Rimar, Reykjavík";2005;257;104;19609;19285;190766;187868
"Rimar, Reykjavík";2006;126;97;19890;19589;208169;205301
"Rimar, Reykjavík";2007;181;98;22650;22017;234669;228176
"Rimar, Reykjavík";2008;51;99;23487;22279;240310;229317
"Rimar, Reykjavík";2009;21;98;22445;21194;232376;219840
"Rimar, Reykjavík";2010;41;100;20315;19669;207741;200595
"Rimar, Reykjavík";2011;64;92;20136;19462;222941;215720
"Rimar, Reykjavík";2012;72;95;21969;21309;233743;226639
"Rimar, Reykjavík";2013;96;98;24131;23565;248892;242807
"Rimar, Reykjavík";2014;69;94;25630;25116;279020;274067
"Rimar, Reykjavík";2015;86;97;28338;27973;299597;296226
"Rimar, Reykjavík";2016;138;100;32703;32549;333600;332159
"Rimar, Reykjavík";2017;109;94;36922;36764;405316;403649
"Rimar, Reykjavík";2018;95;96;39956;39813;425348;423919
"Rimar, Reykjavík";2019;103;93;40124;39965;441007;439356
"Rimar, Reykjavík";2020;88;101;43794;43610;445806;443918
"Grafarholt, Reykjavík";2001;43;118;14203;13013;122808;112378
"Grafarholt, Reykjavík";2002;55;125;15025;13860;121668;112142
"Grafarholt, Reykjavík";2003;235;124;15719;15484;127743;125822
"Grafarholt, Reykjavík";2004;495;116;16478;16352;144526;143391
"Grafarholt, Reykjavík";2005;189;115;20648;20482;182288;180895
"Grafarholt, Reykjavík";2006;119;110;24302;23871;224645;220597
"Grafarholt, Reykjavík";2007;183;109;26703;25885;246999;239304
"Grafarholt, Reykjavík";2008;52;108;26902;25598;254237;242064
"Grafarholt, Reykjavík";2009;22;121;26266;24503;218937;203561
"Grafarholt, Reykjavík";2010;41;109;23294;22160;218505;207780
"Grafarholt, Reykjavík";2011;90;107;24287;23408;230496;221825
"Grafarholt, Reykjavík";2012;72;110;26434;25660;243654;236527
"Grafarholt, Reykjavík";2013;79;113;28675;27943;256871;250136
"Grafarholt, Reykjavík";2014;112;110;29943;29239;277074;269916
"Grafarholt, Reykjavík";2015;111;107;31392;31164;299601;297454
"Grafarholt, Reykjavík";2016;137;111;36633;36284;336756;333729
"Grafarholt, Reykjavík";2017;99;108;41952;41782;395335;393751
"Grafarholt, Reykjavík";2018;93;105;43601;43385;423912;421849
"Grafarholt, Reykjavík";2019;113;118;48617;48256;417708;414802
"Grafarholt, Reykjavík";2020;119;111;49035;48733;450940;448694
"Lindir, Kópavogur";1995;9;119;7870;7304;68499;63509
"Lindir, Kópavogur";1996;12;96;8004;7409;84319;78171
"Lindir, Kópavogur";1997;54;103;8393;7779;82789;76751
"Lindir, Kópavogur";1998;43;118;9320;8996;80742;78057
"Lindir, Kópavogur";1999;107;111;10269;10175;94298;93450
"Lindir, Kópavogur";2000;89;105;12322;11632;119350;112498
"Lindir, Kópavogur";2001;67;110;13804;12797;128161;118805
"Lindir, Kópavogur";2002;69;107;14159;13176;135076;125623
"Lindir, Kópavogur";2003;66;110;15157;14908;140621;138350
"Lindir, Kópavogur";2004;82;112;17637;17502;160810;159761
"Lindir, Kópavogur";2005;78;110;23584;23350;216121;214135
"Lindir, Kópavogur";2006;57;113;25930;25345;232887;227922
"Lindir, Kópavogur";2007;87;113;27856;27044;250766;243770
"Lindir, Kópavogur";2008;27;108;27759;26836;260975;252768
"Lindir, Kópavogur";2009;17;116;26488;24754;231664;216829
"Lindir, Kópavogur";2010;48;115;24388;23631;214440;208028
"Lindir, Kópavogur";2011;35;116;25722;25243;224609;220877
"Lindir, Kópavogur";2012;42;113;28110;27340;252133;245444
"Lindir, Kópavogur";2013;49;113;30402;29754;271569;265462
"Lindir, Kópavogur";2014;48;114;32302;31887;290504;287141
"Lindir, Kópavogur";2015;45;114;34949;34365;313193;308440
"Lindir, Kópavogur";2016;51;118;40532;40123;351829;348101
"Lindir, Kópavogur";2017;96;110;49432;48586;454052;446632
"Lindir, Kópavogur";2018;122;110;52392;52014;486239;482744
"Lindir, Kópavogur";2019;114;109;54014;53726;508616;506130
"Lindir, Kópavogur";2020;105;113;58298;57674;523270;519476
"Smárar, Kópavogur";1994;14;97;7791;7352;82158;77593
"Smárar, Kópavogur";1995;28;96;8168;7616;86417;80219
"Smárar, Kópavogur";1996;85;98;7939;7342;85205;78698
"Smárar, Kópavogur";1997;118;95;7916;7396;86675;81055
"Smárar, Kópavogur";1998;82;103;8500;8226;86382;83550
"Smárar, Kópavogur";1999;79;101;9982;9863;102396;101106
"Smárar, Kópavogur";2000;98;108;11758;11055;118702;111838
"Smárar, Kópavogur";2001;66;96;12548;11678;133041;123881
"Smárar, Kópavogur";2002;119;103;13605;12672;135575;126286
"Smárar, Kópavogur";2003;121;97;13733;13535;145299;143282
"Smárar, Kópavogur";2004;122;98;15306;15173;158754;157424
"Smárar, Kópavogur";2005;97;94;20102;19939;217129;215547
"Smárar, Kópavogur";2006;86;96;22520;22214;236997;233877
"Smárar, Kópavogur";2007;98;96;24080;23610;256856;251849
"Smárar, Kópavogur";2008;40;97;25514;24511;268970;258523
"Smárar, Kópavogur";2009;23;94;22324;21842;242905;238315
"Smárar, Kópavogur";2010;21;91;20876;20212;236329;228808
"Smárar, Kópavogur";2011;58;105;23794;23135;237743;231658
"Smárar, Kópavogur";2012;57;99;25239;24931;258964;255952
"Smárar, Kópavogur";2013;73;102;27399;26967;271400;267006
"Smárar, Kópavogur";2014;79;105;30242;29921;296502;293328
"Smárar, Kópavogur";2015;99;102;32224;32020;323512;321379
"Smárar, Kópavogur";2016;81;107;37425;37276;369673;368112
"Smárar, Kópavogur";2017;75;102;43033;42797;435461;433192
"Smárar, Kópavogur";2018;84;100;47135;46804;478076;474801
"Smárar, Kópavogur";2019;157;92;47744;47542;538127;536008
"Smárar, Kópavogur";2020;233;97;52640;52039;557192;551205
"Salir, Kópavogur";1999;30;114;9890;9800;87611;86886
"Salir, Kópavogur";2000;74;118;11833;11042;102634;95583
"Salir, Kópavogur";2001;126;118;14360;13112;123272;112450
"Salir, Kópavogur";2002;233;123;15378;14125;126730;116276
"Salir, Kópavogur";2003;212;120;15738;15419;132197;129589
"Salir, Kópavogur";2004;193;117;16936;16750;145113;143508
"Salir, Kópavogur";2005;116;117;21868;21652;188063;186304
"Salir, Kópavogur";2006;74;113;26006;25562;231353;227458
"Salir, Kópavogur";2007;110;112;27991;27193;252243;245387
"Salir, Kópavogur";2008;36;107;27325;26237;257675;247564
"Salir, Kópavogur";2009;50;113;26269;25078;234015;223672
"Salir, Kópavogur";2010;39;114;24933;23884;222940;213781
"Salir, Kópavogur";2011;61;113;26894;26137;240737;233942
"Salir, Kópavogur";2012;76;105;27080;26406;261229;255017
"Salir, Kópavogur";2013;111;113;31711;30775;283003;274892
"Salir, Kópavogur";2014;102;110;33872;33257;309709;304023
"Salir, Kópavogur";2015;104;110;36175;35780;331322;327714
"Salir, Kópavogur";2016;84;112;38820;38508;355420;352540
"Salir, Kópavogur";2017;78;108;45264;44806;426767;422633
"Salir, Kópavogur";2018;88;111;48696;48316;445897;442825
"Salir, Kópavogur";2019;73;115;50536;50145;447251;443803
"Salir, Kópavogur";2020;86;112;53384;52527;486702;479384
"Kórar,Hvörf,Þing, Kópavogur";2003;6;119;17442;17154;146311;143895
"Kórar,Hvörf,Þing, Kópavogur";2004;75;124;18023;17740;146452;144232
"Kórar,Hvörf,Þing, Kópavogur";2005;298;124;22739;22260;183097;179263
"Kórar,Hvörf,Þing, Kópavogur";2006;197;118;26624;26018;225704;220821
"Kórar,Hvörf,Þing, Kópavogur";2007;460;118;28366;27709;241807;236274
"Kórar,Hvörf,Þing, Kópavogur";2008;123;127;31671;30622;250000;241684
"Kórar,Hvörf,Þing, Kópavogur";2009;63;126;29049;27464;234325;221352
"Kórar,Hvörf,Þing, Kópavogur";2010;83;123;26186;25267;218680;210556
"Kórar,Hvörf,Þing, Kópavogur";2011;152;121;27974;27215;234167;227540
"Kórar,Hvörf,Þing, Kópavogur";2012;146;120;29616;28943;250727;244843
"Kórar,Hvörf,Þing, Kópavogur";2013;203;109;29460;28808;274094;268371
"Kórar,Hvörf,Þing, Kópavogur";2014;216;121;34418;33850;287386;282497
"Kórar,Hvörf,Þing, Kópavogur";2015;294;122;36786;36300;305639;301733
"Kórar,Hvörf,Þing, Kópavogur";2016;265;121;39774;39537;333916;332089
"Kórar,Hvörf,Þing, Kópavogur";2017;212;121;47665;47302;402639;399580
"Kórar,Hvörf,Þing, Kópavogur";2018;240;116;50428;50161;445432;443176
"Kórar,Hvörf,Þing, Kópavogur";2019;244;118;52219;51704;450319;446186
"Kórar,Hvörf,Þing, Kópavogur";2020;192;119;55272;54884;469871;467000
"Norðan Kópavogslækjar (Ekki Lundur), Kópavogur";1990;314;90;5905;5261;67666;60069
"Norðan Kópavogslækjar (Ekki Lundur), Kópavogur";1991;313;90;6461;5599;74215;64195
"Norðan Kópavogslækjar (Ekki Lundur), Kópavogur";1992;187;88;6784;6078;79367;70886
"Norðan Kópavogslækjar (Ekki Lundur), Kópavogur";1993;188;87;6650;5955;78531;70215
"Norðan Kópavogslækjar (Ekki Lundur), Kópavogur";1994;276;94;6916;6508;75703;71314
"Norðan Kópavogslækjar (Ekki Lundur), Kópavogur";1995;314;93;6832;6261;76653;70386
"Norðan Kópavogslækjar (Ekki Lundur), Kópavogur";1996;346;94;6834;6299;76104;70180
"Norðan Kópavogslækjar (Ekki Lundur), Kópavogur";1997;368;94;6855;6346;76080;70440
"Norðan Kópavogslækjar (Ekki Lundur), Kópavogur";1998;491;93;6892;6678;77367;74991
"Norðan Kópavogslækjar (Ekki Lundur), Kópavogur";1999;548;92;7779;7732;87304;86803
"Norðan Kópavogslækjar (Ekki Lundur), Kópavogur";2000;337;96;10146;9546;110161;103460
"Norðan Kópavogslækjar (Ekki Lundur), Kópavogur";2001;377;97;10841;10031;116974;108111
"Norðan Kópavogslækjar (Ekki Lundur), Kópavogur";2002;356;94;11247;10454;125203;116338
"Norðan Kópavogslækjar (Ekki Lundur), Kópavogur";2003;396;97;12326;12109;131749;129472
"Norðan Kópavogslækjar (Ekki Lundur), Kópavogur";2004;491;97;13604;13521;145549;144846
"Norðan Kópavogslækjar (Ekki Lundur), Kópavogur";2005;397;92;16986;16883;190320;189243
"Norðan Kópavogslækjar (Ekki Lundur), Kópavogur";2006;317;94;19403;19101;211777;208659
"Norðan Kópavogslækjar (Ekki Lundur), Kópavogur";2007;412;95;22034;21491;239068;233741
"Norðan Kópavogslækjar (Ekki Lundur), Kópavogur";2008;137;99;23850;23000;244442;236198
"Norðan Kópavogslækjar (Ekki Lundur), Kópavogur";2009;100;107;22468;21457;218759;209153
"Norðan Kópavogslækjar (Ekki Lundur), Kópavogur";2010;138;98;20937;20154;220807;212609
"Norðan Kópavogslækjar (Ekki Lundur), Kópavogur";2011;215;104;21773;21339;215665;210909
"Norðan Kópavogslækjar (Ekki Lundur), Kópavogur";2012;248;97;22784;22306;241394;236655
"Norðan Kópavogslækjar (Ekki Lundur), Kópavogur";2013;274;98;24683;24197;261650;256545
"Norðan Kópavogslækjar (Ekki Lundur), Kópavogur";2014;328;99;28023;27573;290232;285785
"Norðan Kópavogslækjar (Ekki Lundur), Kópavogur";2015;409;100;31854;31541;324481;321517
"Norðan Kópavogslækjar (Ekki Lundur), Kópavogur";2016;465;98;34035;33841;361434;359546
"Norðan Kópavogslækjar (Ekki Lundur), Kópavogur";2017;386;100;42394;42159;435754;433631
"Norðan Kópavogslækjar (Ekki Lundur), Kópavogur";2018;420;100;44887;44529;457363;454295
"Norðan Kópavogslækjar (Ekki Lundur), Kópavogur";2019;454;102;47056;46699;474368;471277
"Norðan Kópavogslækjar (Ekki Lundur), Kópavogur";2020;487;103;51502;51052;516039;511925
"Sjáland, Garðabær";2004;106;125;20333;19905;162651;159357
"Sjáland, Garðabær";2005;80;132;26685;26228;203367;199950
"Sjáland, Garðabær";2006;62;127;34827;33429;273324;262546
"Sjáland, Garðabær";2007;150;115;34825;33541;306186;294615
"Sjáland, Garðabær";2008;53;115;34986;33743;305822;294972
"Sjáland, Garðabær";2009;27;125;35433;33893;278142;265741
"Sjáland, Garðabær";2010;58;118;29736;29341;254018;250285
"Sjáland, Garðabær";2011;79;119;31651;31330;266174;263172
"Sjáland, Garðabær";2012;60;110;31403;30931;286640;282647
"Sjáland, Garðabær";2013;65;116;37626;37027;323191;317950
"Sjáland, Garðabær";2014;59;118;41517;41030;349985;346151
"Sjáland, Garðabær";2015;96;120;45648;45006;380992;375808
"Sjáland, Garðabær";2016;76;119;51270;50614;430915;425642
"Sjáland, Garðabær";2017;65;127;61505;61062;483455;480032
"Sjáland, Garðabær";2018;45;122;61105;60308;503215;496822
"Sjáland, Garðabær";2019;81;118;63960;63025;546195;538353
"Sjáland, Garðabær";2020;83;119;66728;66316;565121;561799
"Akrar, Garðabær";2006;5;140;41558;40339;299569;291800
"Akrar, Garðabær";2007;89;121;31414;30654;261953;256042
"Akrar, Garðabær";2008;22;125;36419;34943;288517;277099
"Akrar, Garðabær";2009;37;131;29108;28486;221459;216999
"Akrar, Garðabær";2010;45;115;25990;25555;225677;222218
"Akrar, Garðabær";2011;39;129;30886;30573;239341;236800
"Akrar, Garðabær";2012;19;126;33658;33410;268256;266408
"Akrar, Garðabær";2013;39;124;36795;36391;304755;301651
"Akrar, Garðabær";2014;31;119;38195;37746;322671;319370
"Akrar, Garðabær";2015;27;119;41202;40611;350395;345538
"Akrar, Garðabær";2016;26;130;47987;47518;370638;367095
"Akrar, Garðabær";2017;24;134;56035;55255;421889;416319
"Akrar, Garðabær";2018;35;124;58011;57685;471318;468745
"Akrar, Garðabær";2019;27;124;61585;61278;499435;497006
"Akrar, Garðabær";2020;32;128;64283;63432;509159;502622
"Garðabær, (Ekki Akrar og Sjáland)";1990;33;93;7065;6261;77807;68935
"Garðabær, (Ekki Akrar og Sjáland)";1991;39;99;7735;6515;81859;68665
"Garðabær, (Ekki Akrar og Sjáland)";1992;34;103;7751;6895;77849;69086
"Garðabær, (Ekki Akrar og Sjáland)";1993;48;103;7914;7136;79595;71603
"Garðabær, (Ekki Akrar og Sjáland)";1994;71;102;7835;7351;79416;74535
"Garðabær, (Ekki Akrar og Sjáland)";1995;54;114;8265;7629;76662;70850
"Garðabær, (Ekki Akrar og Sjáland)";1996;71;109;8069;7485;77696;72042
"Garðabær, (Ekki Akrar og Sjáland)";1997;69;102;7998;7403;81822;75676
"Garðabær, (Ekki Akrar og Sjáland)";1998;67;115;8817;8573;80682;78376
"Garðabær, (Ekki Akrar og Sjáland)";1999;85;123;10390;10298;91093;89993
"Garðabær, (Ekki Akrar og Sjáland)";2000;126;103;11703;10933;115366;107569
"Garðabær, (Ekki Akrar og Sjáland)";2001;110;108;13015;12002;123978;114261
"Garðabær, (Ekki Akrar og Sjáland)";2002;87;120;14529;13631;125058;116929
"Garðabær, (Ekki Akrar og Sjáland)";2003;130;103;13546;13302;135502;133182
"Garðabær, (Ekki Akrar og Sjáland)";2004;138;108;15898;15776;150813;149797
"Garðabær, (Ekki Akrar og Sjáland)";2005;93;99;19642;19505;203352;202081
"Garðabær, (Ekki Akrar og Sjáland)";2006;88;110;24702;24124;227321;222176
"Garðabær, (Ekki Akrar og Sjáland)";2007;130;108;26070;25443;243007;237378
"Garðabær, (Ekki Akrar og Sjáland)";2008;36;118;30016;28661;254495;243064
"Garðabær, (Ekki Akrar og Sjáland)";2009;30;111;25877;24373;239463;225852
"Garðabær, (Ekki Akrar og Sjáland)";2010;24;107;24126;23729;227796;224713
"Garðabær, (Ekki Akrar og Sjáland)";2011;53;110;23818;23264;222534;217704
"Garðabær, (Ekki Akrar og Sjáland)";2012;84;110;25381;24626;237405;230401
"Garðabær, (Ekki Akrar og Sjáland)";2013;74;113;31962;31342;281744;276616
"Garðabær, (Ekki Akrar og Sjáland)";2014;91;112;34575;34062;314515;310280
"Garðabær, (Ekki Akrar og Sjáland)";2015;217;108;36181;35551;342630;336614
"Garðabær, (Ekki Akrar og Sjáland)";2016;258;114;43652;43186;391487;387556
"Garðabær, (Ekki Akrar og Sjáland)";2017;230;115;50730;50303;448121;444707
"Garðabær, (Ekki Akrar og Sjáland)";2018;299;108;50083;49776;470472;467774
"Garðabær, (Ekki Akrar og Sjáland)";2019;262;108;52585;52252;497640;494786
"Garðabær, (Ekki Akrar og Sjáland)";2020;388;110;56308;55856;518290;514207
"Vangur, Hafnarfjörður";1990;59;101;6420;5692;65471;58058
"Vangur, Hafnarfjörður";1991;44;105;7478;6428;73551;63244
"Vangur, Hafnarfjörður";1992;37;103;7759;7042;77616;70158
"Vangur, Hafnarfjörður";1993;32;107;7886;7141;75907;68456
"Vangur, Hafnarfjörður";1994;54;105;7467;6993;75477;70795
"Vangur, Hafnarfjörður";1995;51;100;7219;6601;74016;67665
"Vangur, Hafnarfjörður";1996;62;107;7474;6897;72168;66639
"Vangur, Hafnarfjörður";1997;52;105;7317;6771;72265;66955
"Vangur, Hafnarfjörður";1998;102;110;7696;7446;72961;70574
"Vangur, Hafnarfjörður";1999;74;99;7865;7797;82794;82042
"Vangur, Hafnarfjörður";2000;66;100;9868;9272;102146;96027
"Vangur, Hafnarfjörður";2001;50;106;10875;10025;107891;99487
"Vangur, Hafnarfjörður";2002;69;107;11431;10545;111045;102447
"Vangur, Hafnarfjörður";2003;65;111;12292;12112;114845;113122
"Vangur, Hafnarfjörður";2004;72;111;13606;13548;127547;127041
"Vangur, Hafnarfjörður";2005;65;105;17108;17056;168559;168081
"Vangur, Hafnarfjörður";2006;55;114;19761;19522;176703;174729
"Vangur, Hafnarfjörður";2007;68;109;20881;20447;197869;193491
"Vangur, Hafnarfjörður";2008;25;101;20968;20335;219377;213268
"Vangur, Hafnarfjörður";2009;9;100;20324;18829;210399;196537
"Vangur, Hafnarfjörður";2010;16;105;19653;18917;188484;181997
"Vangur, Hafnarfjörður";2011;23;113;20798;20370;189882;185431
"Vangur, Hafnarfjörður";2012;41;115;22021;21407;196273;190572
"Vangur, Hafnarfjörður";2013;43;122;23458;22784;200506;194878
"Vangur, Hafnarfjörður";2014;37;120;26750;26173;234899;229624
"Vangur, Hafnarfjörður";2015;57;114;27307;27070;251625;249607
"Vangur, Hafnarfjörður";2016;48;118;31483;31428;275637;275177
"Vangur, Hafnarfjörður";2017;58;111;37166;36988;351758;350191
"Vangur, Hafnarfjörður";2018;49;115;41113;40992;367539;366553
"Vangur, Hafnarfjörður";2019;54;108;39836;39745;383002;382139
"Vangur, Hafnarfjörður";2020;53;106;42080;41964;420336;419430
"Álfaskeið, Hafnarfjörður";1994;5;87;6100;5727;72868;69023
"Álfaskeið, Hafnarfjörður";1995;26;100;6763;6245;71108;65694
"Álfaskeið, Hafnarfjörður";1996;28;89;6113;5632;73100;67478
"Álfaskeið, Hafnarfjörður";1997;26;93;6064;5620;69403;64556
"Álfaskeið, Hafnarfjörður";1998;29;100;6735;6465;69952;67109
"Álfaskeið, Hafnarfjörður";1999;37;94;7132;7096;80408;80140
"Álfaskeið, Hafnarfjörður";2000;31;101;9480;8892;97366;91410
"Álfaskeið, Hafnarfjörður";2001;21;98;10017;9306;108287;100452
"Álfaskeið, Hafnarfjörður";2002;35;109;10750;9933;103686;95824
"Álfaskeið, Hafnarfjörður";2003;23;97;10740;10573;116712;114956
"Álfaskeið, Hafnarfjörður";2004;38;113;13099;13075;120803;120485
"Álfaskeið, Hafnarfjörður";2005;37;99;15369;15305;161051;160453
"Álfaskeið, Hafnarfjörður";2006;34;93;16647;16281;183250;179647
"Álfaskeið, Hafnarfjörður";2007;37;105;20091;19466;198223;192501
"Álfaskeið, Hafnarfjörður";2008;11;91;19151;18197;217540;206919
"Álfaskeið, Hafnarfjörður";2009;3;70;19400;19398;276278;276249
"Álfaskeið, Hafnarfjörður";2010;8;109;17328;16794;160592;156421
"Álfaskeið, Hafnarfjörður";2011;17;116;21106;20536;194320;188541
"Álfaskeið, Hafnarfjörður";2012;11;98;18192;17275;188462;180475
"Álfaskeið, Hafnarfjörður";2013;18;103;20557;20113;204959;201462
"Álfaskeið, Hafnarfjörður";2014;28;113;23841;23524;217542;214937
"Álfaskeið, Hafnarfjörður";2015;23;99;25367;25139;265560;262291
"Álfaskeið, Hafnarfjörður";2016;26;99;28106;28076;296680;296346
"Álfaskeið, Hafnarfjörður";2017;20;95;32925;32876;360646;360158
"Álfaskeið, Hafnarfjörður";2018;29;112;38802;38220;362977;357883
"Álfaskeið, Hafnarfjörður";2019;17;122;43282;43209;368106;367543
"Álfaskeið, Hafnarfjörður";2020;28;109;41530;40322;402134;390978
"Hraun, Hafnarfjörður";1990;23;99;6170;5483;64773;56885
"Hraun, Hafnarfjörður";1991;24;94;6510;5664;71739;62193
"Hraun, Hafnarfjörður";1992;15;88;6898;6175;81997;73500
"Hraun, Hafnarfjörður";1993;19;82;6245;5754;77780;71515
"Hraun, Hafnarfjörður";1994;20;94;6634;6228;76405;71796
"Hraun, Hafnarfjörður";1995;25;96;6590;6020;74074;67717
"Hraun, Hafnarfjörður";1996;27;88;6208;5774;76635;71217
"Hraun, Hafnarfjörður";1997;39;94;6486;6006;74588;69260
"Hraun, Hafnarfjörður";1998;33;92;6589;6382;75805;73479
"Hraun, Hafnarfjörður";1999;37;91;7532;7473;87926;87316
"Hraun, Hafnarfjörður";2000;37;102;9880;9194;104048;96666
"Hraun, Hafnarfjörður";2001;29;108;11059;10192;107756;98913
"Hraun, Hafnarfjörður";2002;39;96;10562;9831;116382;108414
"Hraun, Hafnarfjörður";2003;35;99;11251;11053;119630;117567
"Hraun, Hafnarfjörður";2004;37;100;12285;12232;130402;130037
"Hraun, Hafnarfjörður";2005;44;92;14785;14704;169091;168167
"Hraun, Hafnarfjörður";2006;27;96;17939;17646;190795;187593
"Hraun, Hafnarfjörður";2007;56;95;21497;20827;235372;227793
"Hraun, Hafnarfjörður";2008;20;87;22356;21716;260096;252720
"Hraun, Hafnarfjörður";2009;6;106;20583;19030;197840;182510
"Hraun, Hafnarfjörður";2010;11;116;21565;21133;189669;184989
"Hraun, Hafnarfjörður";2011;20;117;21414;20657;189483;182718
"Hraun, Hafnarfjörður";2012;12;90;18228;17531;205198;196392
"Hraun, Hafnarfjörður";2013;18;114;21730;21155;206996;201633
"Hraun, Hafnarfjörður";2014;16;88;20312;19931;240409;235181
"Hraun, Hafnarfjörður";2015;43;100;27634;27440;286338;283861
"Hraun, Hafnarfjörður";2016;35;114;32634;32518;300351;299391
"Hraun, Hafnarfjörður";2017;34;110;39571;39199;372518;369189
"Hraun, Hafnarfjörður";2018;34;103;37132;37028;378873;377871
"Hraun, Hafnarfjörður";2019;35;99;37929;37831;408482;407448
"Hraun, Hafnarfjörður";2020;43;103;41988;41836;425041;423384
"Ás, Hafnarfjörður";2000;53;128;14077;13065;114528;104562
"Ás, Hafnarfjörður";2001;90;111;12727;11500;115634;104301
"Ás, Hafnarfjörður";2002;108;104;13239;12056;128541;117015
"Ás, Hafnarfjörður";2003;74;103;14252;13934;140093;136999
"Ás, Hafnarfjörður";2004;53;109;16630;16598;155617;155433
"Ás, Hafnarfjörður";2005;65;100;20048;19925;201288;200170
"Ás, Hafnarfjörður";2006;42;96;21088;20752;220870;217353
"Ás, Hafnarfjörður";2007;74;102;23832;23058;234080;226858
"Ás, Hafnarfjörður";2008;31;97;25410;24037;260844;247907
"Ás, Hafnarfjörður";2009;10;111;28350;25967;255316;233540
"Ás, Hafnarfjörður";2010;18;99;22576;21690;229349;220379
"Ás, Hafnarfjörður";2011;41;104;24591;23927;236820;230469
"Ás, Hafnarfjörður";2012;72;105;26010;25579;247669;243333
"Ás, Hafnarfjörður";2013;35;104;25531;25130;248504;244884
"Ás, Hafnarfjörður";2014;69;99;28188;27774;286612;282583
"Ás, Hafnarfjörður";2015;45;99;30202;29933;306928;304045
"Ás, Hafnarfjörður";2016;60;100;34358;34067;347191;344385
"Ás, Hafnarfjörður";2017;56;102;41146;40897;406875;404421
"Ás, Hafnarfjörður";2018;48;99;41340;41155;422237;420430
"Ás, Hafnarfjörður";2019;47;105;45500;45350;437818;436494
"Ás, Hafnarfjörður";2020;54;103;46985;46808;462713;460920
"Berg, Hafnarfjörður";1994;7;107;8493;8033;84003;79840
"Berg, Hafnarfjörður";1995;9;128;8597;7875;73012;66381
"Berg, Hafnarfjörður";1996;19;106;8112;7512;83073;77195
"Berg, Hafnarfjörður";1997;19;94;7805;7380;87453;82976
"Berg, Hafnarfjörður";1998;30;111;8797;8572;82687;80469
"Berg, Hafnarfjörður";1999;48;129;10649;10521;85989;85141
"Berg, Hafnarfjörður";2000;30;96;10630;10071;115391;109307
"Berg, Hafnarfjörður";2001;32;93;11282;10513;127036;117990
"Berg, Hafnarfjörður";2002;34;113;13214;12282;120552;111950
"Berg, Hafnarfjörður";2003;31;96;13017;12810;140754;138601
"Berg, Hafnarfjörður";2004;38;104;14599;14570;149868;149329
"Berg, Hafnarfjörður";2005;30;103;20205;20054;202684;201430
"Berg, Hafnarfjörður";2006;26;99;20783;20247;216168;210770
"Berg, Hafnarfjörður";2007;44;113;26673;25686;242143;233847
"Berg, Hafnarfjörður";2008;5;125;29580;28665;242960;236354
"Berg, Hafnarfjörður";2009;3;96;20600;19944;221188;214283
"Berg, Hafnarfjörður";2010;13;107;22069;21208;209791;200897
"Berg, Hafnarfjörður";2011;23;113;23503;22835;218730;211756
"Berg, Hafnarfjörður";2012;16;98;22861;22352;238648;233652
"Berg, Hafnarfjörður";2013;15;94;24188;23377;263383;255711
"Berg, Hafnarfjörður";2014;30;104;27101;26698;267662;263655
"Berg, Hafnarfjörður";2015;30;105;31169;30935;309617;307240
"Berg, Hafnarfjörður";2016;34;112;35109;34881;330477;328456
"Berg, Hafnarfjörður";2017;32;95;38339;38108;419301;417247
"Berg, Hafnarfjörður";2018;24;110;43067;42920;412212;411016
"Berg, Hafnarfjörður";2019;28;114;45061;44920;414340;413323
"Berg, Hafnarfjörður";2020;26;101;45377;45168;473703;471696
"Vellir, Hafnarfjörður";2003;53;99;13463;13287;137809;136166
"Vellir, Hafnarfjörður";2004;256;106;14877;14630;142514;140181
"Vellir, Hafnarfjörður";2005;209;101;18961;18436;189503;184369
"Vellir, Hafnarfjörður";2006;202;107;21703;21329;203183;199729
"Vellir, Hafnarfjörður";2007;244;111;24246;23678;220855;215739
"Vellir, Hafnarfjörður";2008;65;102;24037;23137;238613;230095
"Vellir, Hafnarfjörður";2009;43;107;24795;23491;233222;221698
"Vellir, Hafnarfjörður";2010;44;104;22065;21386;214432;207686
"Vellir, Hafnarfjörður";2011;65;105;22493;21778;217481;210481
"Vellir, Hafnarfjörður";2012;72;105;24153;23308;232448;224128
"Vellir, Hafnarfjörður";2013;104;102;23867;23342;237418;232387
"Vellir, Hafnarfjörður";2014;115;98;25477;25054;264304;259955
"Vellir, Hafnarfjörður";2015;153;100;28318;28104;287667;285649
"Vellir, Hafnarfjörður";2016;157;98;32158;31955;336659;334542
"Vellir, Hafnarfjörður";2017;164;98;39351;39017;414198;411038
"Vellir, Hafnarfjörður";2018;154;97;42047;41762;443698;440934
"Vellir, Hafnarfjörður";2019;129;101;43493;43265;442142;440048
"Vellir, Hafnarfjörður";2020;170;100;45386;45232;467038;465703
"Seltjarnarnes";1990;40;94;6826;6067;74877;66218
"Seltjarnarnes";1991;57;92;7208;6289;81129;70712
"Seltjarnarnes";1992;42;94;7465;6709;80482;72451
"Seltjarnarnes";1993;32;84;6964;6362;84879;77729
"Seltjarnarnes";1994;74;112;8572;8095;81025;76661
"Seltjarnarnes";1995;94;98;7607;7028;81331;75231
"Seltjarnarnes";1996;62;108;7688;7211;73630;68904
"Seltjarnarnes";1997;81;105;7691;7161;76780;71489
"Seltjarnarnes";1998;75;98;8103;7847;86327;83623
"Seltjarnarnes";1999;80;96;8536;8482;92089;91568
"Seltjarnarnes";2000;67;106;11207;10609;108778;102906
"Seltjarnarnes";2001;58;101;11960;11115;121556;113055
"Seltjarnarnes";2002;71;105;12345;11440;120621;111904
"Seltjarnarnes";2003;66;102;13435;13257;135555;134156
"Seltjarnarnes";2004;96;109;15365;15187;145298;143780
"Seltjarnarnes";2005;76;98;19081;18906;195845;194168
"Seltjarnarnes";2006;58;109;25923;25378;241772;237396
"Seltjarnarnes";2007;75;109;27722;26903;261560;254224
"Seltjarnarnes";2008;31;102;28673;27708;278846;268215
"Seltjarnarnes";2009;16;104;24279;23014;235616;224678
"Seltjarnarnes";2010;25;106;24230;23755;240248;235099
"Seltjarnarnes";2011;60;108;29158;28641;267307;262783
"Seltjarnarnes";2012;60;114;30801;30404;273080;269353
"Seltjarnarnes";2013;72;107;31726;31236;306088;300878
"Seltjarnarnes";2014;75;115;40456;39761;352661;347243
"Seltjarnarnes";2015;77;115;39553;39156;355045;351721
"Seltjarnarnes";2016;96;118;51511;50793;442651;436674
"Seltjarnarnes";2017;63;115;51845;51422;461045;457677
"Seltjarnarnes";2018;87;112;53544;53137;497290;493430
"Seltjarnarnes";2019;63;107;52320;51927;506936;503683
"Seltjarnarnes";2020;80;110;54957;54450;518228;514096
"Mosfellsbær";1990;14;127;6986;6069;56358;48600
"Mosfellsbær";1991;13;115;7023;6134;64069;55987
"Mosfellsbær";1992;10;105;7175;6505;69859;63427
"Mosfellsbær";1993;11;97;6636;5957;69504;62589
"Mosfellsbær";1994;29;117;7997;7486;72546;67911
"Mosfellsbær";1995;36;99;6697;6228;71190;66310
"Mosfellsbær";1996;42;105;7003;6536;70872;66422
"Mosfellsbær";1997;50;107;7563;7059;72978;68077
"Mosfellsbær";1998;64;103;7549;7295;75407;72820
"Mosfellsbær";1999;74;109;8756;8690;82589;82020
"Mosfellsbær";2000;62;103;10423;9794;104966;98641
"Mosfellsbær";2001;76;102;11379;10520;115741;106939
"Mosfellsbær";2002;117;102;12033;11144;123184;114042
"Mosfellsbær";2003;147;96;12615;12408;135461;133327
"Mosfellsbær";2004;149;98;14207;14103;149723;148771
"Mosfellsbær";2005;203;112;20044;19796;183741;181604
"Mosfellsbær";2006;105;106;22557;22180;216956;213349
"Mosfellsbær";2007;151;107;25234;24654;241104;235974
"Mosfellsbær";2008;68;107;26136;25084;251944;242096
"Mosfellsbær";2009;33;102;24742;23375;243535;230789
"Mosfellsbær";2010;42;105;21892;21132;214672;206511
"Mosfellsbær";2011;81;106;23003;22504;220990;216151
"Mosfellsbær";2012;66;105;25170;24502;242617;236590
"Mosfellsbær";2013;77;110;27347;26649;254831;248244
"Mosfellsbær";2014;104;108;29993;29617;284348;280948
"Mosfellsbær";2015;112;111;31888;31549;300262;296948
"Mosfellsbær";2016;132;108;35939;35633;345014;342421
"Mosfellsbær";2017;189;103;41172;40732;414763;410106
"Mosfellsbær";2018;344;103;44074;43706;440543;436744
"Mosfellsbær";2019;204;104;48032;47704;471687;468727
"Mosfellsbær";2020;317;101;49825;49357;511291;507501
"Lunda- og Gerðahverfi, Akureyri";1990;49;75;4403;3961;59767;53671
"Lunda- og Gerðahverfi, Akureyri";1991;39;70;4628;4036;66553;58061
"Lunda- og Gerðahverfi, Akureyri";1992;40;71;4938;4364;71275;63094
"Lunda- og Gerðahverfi, Akureyri";1993;42;76;5333;4908;71543;65709
"Lunda- og Gerðahverfi, Akureyri";1994;43;86;5947;6037;72785;72921
"Lunda- og Gerðahverfi, Akureyri";1995;44;92;5889;5510;70242;65646
"Lunda- og Gerðahverfi, Akureyri";1996;45;73;5390;4994;74692;69426
"Lunda- og Gerðahverfi, Akureyri";1997;46;71;5195;4847;74096;69350
"Lunda- og Gerðahverfi, Akureyri";1998;47;78;5762;5583;75840;73669
"Lunda- og Gerðahverfi, Akureyri";1999;55;74;5832;5805;80575;80269
"Lunda- og Gerðahverfi, Akureyri";2000;55;72;6325;5970;88281;83364
"Lunda- og Gerðahverfi, Akureyri";2001;41;75;7001;6481;95822;88639
"Lunda- og Gerðahverfi, Akureyri";2002;38;83;8146;7541;99410;92012
"Lunda- og Gerðahverfi, Akureyri";2003;42;83;9074;8905;112683;110729
"Lunda- og Gerðahverfi, Akureyri";2004;83;87;10181;10079;117415;116385
"Lunda- og Gerðahverfi, Akureyri";2005;75;76;9479;9446;126084;125627
"Lunda- og Gerðahverfi, Akureyri";2006;42;85;14283;14129;174437;172353
"Lunda- og Gerðahverfi, Akureyri";2007;50;81;13657;13391;171977;168448
"Lunda- og Gerðahverfi, Akureyri";2008;26;81;15475;14953;194251;187935
"Lunda- og Gerðahverfi, Akureyri";2009;11;74;12599;12167;172169;166951
"Lunda- og Gerðahverfi, Akureyri";2010;7;84;13431;13164;162534;158475
"Lunda- og Gerðahverfi, Akureyri";2011;32;76;12245;12029;163166;160454
"Lunda- og Gerðahverfi, Akureyri";2012;34;84;15558;15182;189800;185083
"Lunda- og Gerðahverfi, Akureyri";2013;43;80;14922;14531;189819;185218
"Lunda- og Gerðahverfi, Akureyri";2014;40;80;15814;15499;200994;197099
"Lunda- og Gerðahverfi, Akureyri";2015;51;76;17298;17121;233338;231393
"Lunda- og Gerðahverfi, Akureyri";2016;63;79;19698;19536;251825;249898
"Lunda- og Gerðahverfi, Akureyri";2017;67;81;22590;22460;285336;283710
"Lunda- og Gerðahverfi, Akureyri";2018;72;82;24992;24842;317854;315888
"Lunda- og Gerðahverfi, Akureyri";2019;39;81;26062;25900;329542;327632
"Lunda- og Gerðahverfi, Akureyri";2020;62;77;25983;25771;345692;342846
"Holta- og Hlíðahverfi, Akureyri";1990;8;107;5254;4766;50558;45659
"Holta- og Hlíðahverfi, Akureyri";1991;7;103;5581;4750;60407;51183
"Holta- og Hlíðahverfi, Akureyri";1992;9;94;5517;5063;60541;55277
"Holta- og Hlíðahverfi, Akureyri";1993;6;92;4833;4603;53242;50610
"Holta- og Hlíðahverfi, Akureyri";1994;36;98;5911;5647;64926;61982
"Holta- og Hlíðahverfi, Akureyri";1995;36;91;5680;5242;64434;59429
"Holta- og Hlíðahverfi, Akureyri";1996;46;96;5660;5281;63279;59025
"Holta- og Hlíðahverfi, Akureyri";1997;45;92;5790;5394;66766;62209
"Holta- og Hlíðahverfi, Akureyri";1998;44;90;5938;5748;67927;65772
"Holta- og Hlíðahverfi, Akureyri";1999;87;94;6189;6162;69207;68886
"Holta- og Hlíðahverfi, Akureyri";2000;56;91;6523;6155;75228;70762
"Holta- og Hlíðahverfi, Akureyri";2001;35;88;7582;7010;89050;82372
"Holta- og Hlíðahverfi, Akureyri";2002;45;93;7747;7210;87706;81636
"Holta- og Hlíðahverfi, Akureyri";2003;37;92;8625;8483;96507;94806
"Holta- og Hlíðahverfi, Akureyri";2004;49;93;8930;8885;99779;99318
"Holta- og Hlíðahverfi, Akureyri";2005;91;92;10931;10892;120893;120541
"Holta- og Hlíðahverfi, Akureyri";2006;39;89;13500;13352;154856;153475
"Holta- og Hlíðahverfi, Akureyri";2007;46;85;13151;12843;160109;156495
"Holta- og Hlíðahverfi, Akureyri";2008;19;96;15087;14499;162924;156385
"Holta- og Hlíðahverfi, Akureyri";2009;17;77;11555;11167;151711;147256
"Holta- og Hlíðahverfi, Akureyri";2010;19;93;15754;14802;168521;158197
"Holta- og Hlíðahverfi, Akureyri";2011;29;84;13341;12777;161206;154851
"Holta- og Hlíðahverfi, Akureyri";2012;33;95;16410;15591;174645;166703
"Holta- og Hlíðahverfi, Akureyri";2013;33;94;17661;17350;187067;182938
"Holta- og Hlíðahverfi, Akureyri";2014;43;91;17165;16849;190755;186822
"Holta- og Hlíðahverfi, Akureyri";2015;38;87;19504;19195;222880;219891
"Holta- og Hlíðahverfi, Akureyri";2016;59;91;20488;20373;229318;228128
"Holta- og Hlíðahverfi, Akureyri";2017;56;90;23744;23470;274451;271677
"Holta- og Hlíðahverfi, Akureyri";2018;83;84;29348;29199;365291;363593
"Holta- og Hlíðahverfi, Akureyri";2019;37;79;26066;25861;342449;339770
"Holta- og Hlíðahverfi, Akureyri";2020;67;86;27913;27700;329206;326816
"Brekka og Innbær, Akureyri";1990;31;111;4657;4145;43394;38539
"Brekka og Innbær, Akureyri";1991;19;103;4618;4163;46709;42396
"Brekka og Innbær, Akureyri";1992;18;117;5946;5260;50745;44797
"Brekka og Innbær, Akureyri";1993;33;115;5686;5151;52300;47485
"Brekka og Innbær, Akureyri";1994;50;106;4811;4616;48271;46475
"Brekka og Innbær, Akureyri";1995;52;104;5398;5011;54293;50375
"Brekka og Innbær, Akureyri";1996;90;107;6024;5638;59534;56032
"Brekka og Innbær, Akureyri";1997;64;113;5843;5447;53273;49874
"Brekka og Innbær, Akureyri";1998;65;107;6344;6220;64324;63274
"Brekka og Innbær, Akureyri";1999;102;100;6476;6465;68665;68968
"Brekka og Innbær, Akureyri";2000;105;104;7382;6972;75113;70953
"Brekka og Innbær, Akureyri";2001;71;107;7734;7132;77015;71110
"Brekka og Innbær, Akureyri";2002;80;104;8541;7891;85944;79462
"Brekka og Innbær, Akureyri";2003;61;108;9322;9166;89511;88141
"Brekka og Innbær, Akureyri";2004;75;105;9642;9578;96783;96472
"Brekka og Innbær, Akureyri";2005;138;107;11318;11282;109674;109430
"Brekka og Innbær, Akureyri";2006;83;95;13678;13455;161723;159580
"Brekka og Innbær, Akureyri";2007;73;99;15040;14630;160098;155716
"Brekka og Innbær, Akureyri";2008;33;108;16897;16112;162070;154195
"Brekka og Innbær, Akureyri";2009;23;112;16287;15612;153505;147051
"Brekka og Innbær, Akureyri";2010;30;102;14532;14079;149552;145344
"Brekka og Innbær, Akureyri";2011;39;115;15460;14981;140153;135775
"Brekka og Innbær, Akureyri";2012;36;99;15975;15408;165374;159811
"Brekka og Innbær, Akureyri";2013;56;112;17678;17391;165905;162807
"Brekka og Innbær, Akureyri";2014;63;107;17853;17593;176323;173485
"Brekka og Innbær, Akureyri";2015;80;112;21235;20907;201805;198934
"Brekka og Innbær, Akureyri";2016;67;116;23151;22944;211884;210432
"Brekka og Innbær, Akureyri";2017;88;105;27584;27306;282633;280121
"Brekka og Innbær, Akureyri";2018;80;92;26494;26263;311473;308374
"Brekka og Innbær, Akureyri";2019;73;110;32579;32340;323109;320847
"Brekka og Innbær, Akureyri";2020;68;100;30940;30374;326954;320515
"Giljahverfi, Akureyri";1990;3;97;4217;3905;44595;41392
"Giljahverfi, Akureyri";1994;4;253;7459;7045;60647;57648
"Giljahverfi, Akureyri";1995;6;87;5317;5141;63116;61470
"Giljahverfi, Akureyri";1996;3;118;7964;7297;66354;60817
"Giljahverfi, Akureyri";1997;3;110;8267;7782;75825;71389
"Giljahverfi, Akureyri";1998;8;100;6743;6612;70696;69374
"Giljahverfi, Akureyri";1999;26;93;7991;7932;87372;86749
"Giljahverfi, Akureyri";2000;19;153;14715;14312;91376;86615
"Giljahverfi, Akureyri";2001;47;89;9113;8484;103571;96494
"Giljahverfi, Akureyri";2002;35;94;9937;9243;107990;100532
"Giljahverfi, Akureyri";2003;40;91;10632;10496;119421;117794
"Giljahverfi, Akureyri";2004;41;94;11857;11831;128455;128246
"Giljahverfi, Akureyri";2005;71;89;13800;13712;156152;155157
"Giljahverfi, Akureyri";2006;38;86;16808;16699;196013;194815
"Giljahverfi, Akureyri";2007;42;92;17325;16841;189790;184619
"Giljahverfi, Akureyri";2008;14;103;18162;17138;180439;170183
"Giljahverfi, Akureyri";2009;10;87;16178;15330;186557;176372
"Giljahverfi, Akureyri";2010;27;86;16987;16085;198280;188364
"Giljahverfi, Akureyri";2011;17;89;17598;16714;201346;191565
"Giljahverfi, Akureyri";2012;31;95;20344;19561;216459;208616
"Giljahverfi, Akureyri";2013;21;96;20999;20319;222048;214698
"Giljahverfi, Akureyri";2014;37;91;20700;20264;231725;226395
"Giljahverfi, Akureyri";2015;42;98;23669;23246;248288;244030
"Giljahverfi, Akureyri";2016;29;92;24100;23855;267052;264712
"Giljahverfi, Akureyri";2017;31;99;28570;28286;300833;297681
"Giljahverfi, Akureyri";2018;29;100;31610;31259;322374;319111
"Giljahverfi, Akureyri";2019;32;95;31553;31372;340287;338307
"Giljahverfi, Akureyri";2020;31;100;33953;33681;350475;347832
"Oddeyri, Akureyri";1990;21;104;4180;3770;40733;36718
"Oddeyri, Akureyri";1991;5;111;5240;4357;47691;39861
"Oddeyri, Akureyri";1992;26;96;4445;3933;46307;41209
"Oddeyri, Akureyri";1993;21;107;5679;5187;54772;49908
"Oddeyri, Akureyri";1994;22;95;4845;4678;55464;53454
"Oddeyri, Akureyri";1995;33;92;4815;4524;54736;51454
"Oddeyri, Akureyri";1996;31;89;4960;4628;57203;53680
"Oddeyri, Akureyri";1997;28;109;6238;5854;59456;55787
"Oddeyri, Akureyri";1998;31;103;5872;5704;60464;58873
"Oddeyri, Akureyri";1999;50;98;6402;6379;68074;67838
"Oddeyri, Akureyri";2000;42;83;5954;5542;74131;69018
"Oddeyri, Akureyri";2001;19;88;6326;5860;76676;71214
"Oddeyri, Akureyri";2002;25;83;7522;6971;94661;87888
"Oddeyri, Akureyri";2003;18;92;8028;7892;89880;88493
"Oddeyri, Akureyri";2004;37;102;8703;8662;87547;87208
"Oddeyri, Akureyri";2005;45;104;10846;10804;110399;110004
"Oddeyri, Akureyri";2006;27;100;12781;12671;134762;133660
"Oddeyri, Akureyri";2007;22;82;11930;11552;150499;145833
"Oddeyri, Akureyri";2008;13;96;13559;12595;151831;142374
"Oddeyri, Akureyri";2009;4;91;9601;9144;105032;98998
"Oddeyri, Akureyri";2010;7;87;10593;10319;125285;121526
"Oddeyri, Akureyri";2011;17;104;14894;14300;147650;141223
"Oddeyri, Akureyri";2012;15;125;17720;17370;152572;149369
"Oddeyri, Akureyri";2013;25;116;16623;16224;145854;142351
"Oddeyri, Akureyri";2014;21;103;16060;15917;161681;159853
"Oddeyri, Akureyri";2015;28;100;16725;16447;171292;168316
"Oddeyri, Akureyri";2016;30;104;18553;18369;188270;186433
"Oddeyri, Akureyri";2017;25;101;22448;22277;233400;231880
"Oddeyri, Akureyri";2018;19;92;24168;24043;273687;272524
"Oddeyri, Akureyri";2019;26;101;26875;26581;271860;269141
"Oddeyri, Akureyri";2020;12;116;28625;28536;266017;265210
"Síðuhverfi, Akureyri";1990;3;67;4700;3634;70090;55119
"Síðuhverfi, Akureyri";1991;3;78;5683;4469;71661;56614
"Síðuhverfi, Akureyri";1992;3;78;5867;4804;76673;62474
"Síðuhverfi, Akureyri";1993;14;75;6289;6114;84419;82331
"Síðuhverfi, Akureyri";1994;35;80;6260;6047;80816;78098
"Síðuhverfi, Akureyri";1995;18;75;5616;5206;75439;69848
"Síðuhverfi, Akureyri";1996;39;77;5491;5055;72966;67139
"Síðuhverfi, Akureyri";1997;29;80;5546;5126;71387;66243
"Síðuhverfi, Akureyri";1998;26;79;5786;5675;75151;73602
"Síðuhverfi, Akureyri";1999;43;71;5468;5431;78376;77950
"Síðuhverfi, Akureyri";2000;36;83;6831;6355;82498;76762
"Síðuhverfi, Akureyri";2001;31;75;6922;6317;94714;86412
"Síðuhverfi, Akureyri";2002;37;88;8222;7592;95055;87707
"Síðuhverfi, Akureyri";2003;31;83;8540;8393;106936;105170
"Síðuhverfi, Akureyri";2004;50;83;9406;9395;113846;113637
"Síðuhverfi, Akureyri";2005;85;81;10120;10094;126967;126637
"Síðuhverfi, Akureyri";2006;31;83;13615;13398;165826;163138
"Síðuhverfi, Akureyri";2007;47;76;12761;12277;169543;163195
"Síðuhverfi, Akureyri";2008;14;75;12671;11801;170073;157834
"Síðuhverfi, Akureyri";2009;15;79;13090;12544;167449;160523
"Síðuhverfi, Akureyri";2010;15;73;12049;11424;166749;157869
"Síðuhverfi, Akureyri";2011;17;75;12609;12299;172224;167218
"Síðuhverfi, Akureyri";2012;18;76;12698;12277;170038;164184
"Síðuhverfi, Akureyri";2013;49;83;14536;13943;178721;171470
"Síðuhverfi, Akureyri";2014;46;80;14731;14178;188902;181620
"Síðuhverfi, Akureyri";2015;41;80;17501;17207;221570;217921
"Síðuhverfi, Akureyri";2016;40;87;19270;19136;224919;223492
"Síðuhverfi, Akureyri";2017;45;79;22643;22486;290214;288256
"Síðuhverfi, Akureyri";2018;41;81;25051;24913;313189;311526
"Síðuhverfi, Akureyri";2019;53;87;26891;26760;317587;315954
"Síðuhverfi, Akureyri";2020;50;82;26190;26014;327228;325211
"Naustahverfi, Akureyri";2000;8;100;9175;8834;92491;88598
"Naustahverfi, Akureyri";2002;12;113;13297;12553;117553;110971
"Naustahverfi, Akureyri";2003;15;132;14903;14438;113555;110028
"Naustahverfi, Akureyri";2004;20;109;13779;13556;127448;125258
"Naustahverfi, Akureyri";2005;37;105;16079;15768;152449;149563
"Naustahverfi, Akureyri";2006;31;200;31465;31177;183818;180816
"Naustahverfi, Akureyri";2007;44;99;19894;19303;200958;195278
"Naustahverfi, Akureyri";2008;17;105;21960;21256;209769;203139
"Naustahverfi, Akureyri";2009;10;105;22913;22565;220705;217488
"Naustahverfi, Akureyri";2010;19;99;20147;19802;203744;200496
"Naustahverfi, Akureyri";2011;19;101;22508;22045;223713;218314
"Naustahverfi, Akureyri";2012;44;94;22735;22301;243111;238792
"Naustahverfi, Akureyri";2013;42;99;25808;25178;259514;253442
"Naustahverfi, Akureyri";2014;67;100;26524;26131;263914;260040
"Naustahverfi, Akureyri";2015;65;108;30113;29815;280289;277546
"Naustahverfi, Akureyri";2016;90;97;29903;29387;313878;308243
"Naustahverfi, Akureyri";2017;78;94;33183;32689;355475;349939
"Naustahverfi, Akureyri";2018;65;94;37456;36980;399745;394752
"Naustahverfi, Akureyri";2019;46;96;36271;35982;381105;377953
"Naustahverfi, Akureyri";2020;65;94;37321;36860;400660;395905
